chart_week,current_week,title,performer,last_week,peak_pos,wks_on_chart
2018-01-03,1,Perfect,Ed Sheeran,1,1,17
2018-01-03,2,Rockstar,Post Malone Featuring 21 Savage,2,1,14
2018-01-03,3,Havana,Camila Cabello Featuring Young Thug,3,2,19
2018-01-03,4,Gucci Gang,Lil Pump,4,3,15
2018-01-03,5,No Limit,G-Eazy Featuring A$AP Rocky & Cardi B,10,5,15
2018-01-03,6,Thunder,Imagine Dragons,5,4,34
2018-01-03,7,MotorSport,"Migos, Nicki Minaj & Cardi B",6,6,8
2018-01-03,8,Too Good At Goodbyes,Sam Smith,7,4,15
2018-01-03,9,All I Want For Christmas Is You,Mariah Carey,9,9,23
2018-01-03,10,Bad At Love,Halsey,8,8,16
2018-01-03,11,River,Eminem Featuring Ed Sheeran,-,11,1
2018-01-03,12,Bodak Yellow (Money Moves),Cardi B,11,1,25
2018-01-03,13,New Rules,Dua Lipa,14,13,21
2018-01-03,14,Gummo,6ix9ine,12,12,6
2018-01-03,15,Him & I,G-Eazy & Halsey,26,15,3
2018-01-03,16,I Fall Apart,Post Malone,19,16,13
2018-01-03,17,What Lovers Do,Maroon 5 Featuring SZA,13,9,17
2018-01-03,18,Let You Down,NF,16,16,10
2018-01-03,19,I Get The Bag,Gucci Mane Featuring Migos,15,11,18
2018-01-03,20,Feel It Still,Portugal. The Man,17,4,27
2018-01-03,21,Sorry Not Sorry,Demi Lovato,18,6,24
2018-01-03,22,Love.,Kendrick Lamar Featuring Zacari,25,18,26
2018-01-03,23,Wolves,Selena Gomez X Marshmello,21,20,9
2018-01-03,24,Shape Of You,Ed Sheeran,23,1,50
2018-01-03,25,Mi Gente,J Balvin & Willy William Featuring Beyonce,20,3,25
2018-01-03,26,Plain Jane,A$AP Ferg Featuring Nicki Minaj,46,26,13
2018-01-03,27,The Way Life Goes,Lil Uzi Vert Featuring Nicki Minaj,24,24,17
2018-01-03,28,Meant To Be,Bebe Rexha & Florida Georgia Line,28,28,9
2018-01-03,29,The Weekend,SZA,39,29,21
2018-01-03,30,Rockin' Around The Christmas Tree,Brenda Lee,34,14,21
2018-01-03,31,How Long,Charlie Puth,29,26,11
2018-01-03,32,It's The Most Wonderful Time Of The Year,Andy Williams,35,32,4
2018-01-03,33,Young Dumb & Broke,Khalid,32,22,23
2018-01-03,34,1-800-273-8255,Logic Featuring Alessia Cara & Khalid,22,3,34
2018-01-03,35,Bank Account,21 Savage,27,12,24
2018-01-03,36,Despacito,Luis Fonsi & Daddy Yankee Featuring Justin Bieber,31,1,49
2018-01-03,37,The Christmas Song (Merry Christmas To You),"Nat ""King"" Cole",38,37,11
2018-01-03,38,A Holly Jolly Christmas,Burl Ives,41,38,4
2018-01-03,39,Silence,Marshmello Featuring Khalid,30,30,19
2018-01-03,40,Believer,Imagine Dragons,33,4,46
2018-01-03,41,Sky Walker,Miguel Featuring Travis Scott,36,35,13
2018-01-03,42,End Game,Taylor Swift Featuring Ed Sheeran & Future,49,39,5
2018-01-03,43,Last Christmas,Wham!,44,41,4
2018-01-03,44,Attention,Charlie Puth,42,5,35
2018-01-03,45,Ric Flair Drip,Offset & Metro Boomin,45,44,8
2018-01-03,46,Lemon,N*E*R*D & Rihanna,58,46,7
2018-01-03,47,Unforgettable,French Montana Featuring Swae Lee,40,3,37
2018-01-03,48,That's What I Like,Bruno Mars,43,1,49
2018-01-03,49,Feliz Navidad,Jose Feliciano,-,44,2
2018-01-03,50,Jingle Bell Rock,Bobby Helms,-,29,20
2018-01-03,51,Roll In Peace,Kodak Black Featuring XXXTENTACION,51,51,18
2018-01-03,52,Let Me Go,Hailee Steinfeld & Alesso Featuring Florida Georgia Line & WATT,56,52,13
2018-01-03,53,Pills And Automobiles,"Chris Brown Featuring Yo Gotti, A Boogie wit da Hoodie & Kodak Black",53,46,15
2018-01-03,54,Kooda,6ix9ine,50,50,3
2018-01-03,55,Rubbin Off The Paint,YBN Nahmir,55,46,7
2018-01-03,56,Like I Loved You,Brett Young,54,54,13
2018-01-03,57,Lights Down Low,MAX Featuring Gnash,59,57,11
2018-01-03,58,Candy Paint,Post Malone,62,58,9
2018-01-03,59,...Ready For It?,Taylor Swift,37,4,16
2018-01-03,60,Greatest Love Story,LANco,52,45,16
2018-01-03,61,Good Old Days,Macklemore Featuring Kesha,64,61,9
2018-01-03,62,What About Us,P!nk,57,13,20
2018-01-03,63,Marry Me,Thomas Rhett,92,63,3
2018-01-03,64,Codeine Dreaming,Kodak Black Featuring Lil Wayne,63,52,4
2018-01-03,65,I'll Name The Dogs,Blake Shelton,60,58,15
2018-01-03,66,Yours,Russell Dickerson,66,66,10
2018-01-03,67,Tennessee Rain,Addison Agen,-,67,1
2018-01-03,68,The Race,Tay-K,-,44,19
2018-01-03,69,Wish I Didn't Love You,Chloe Kohanski,-,69,1
2018-01-03,70,Round Here Buzz,Eric Church,69,68,13
2018-01-03,71,My Dawg,Lil Baby,77,71,2
2018-01-03,72,Light It Up,Luke Bryan,65,57,17
2018-01-03,73,Tell Me You Love Me,Demi Lovato,81,53,4
2018-01-03,74,Pick It Up,Famous Dex Featuring A$AP Rocky,76,73,6
2018-01-03,75,Echame La Culpa,Luis Fonsi & Demi Lovato,75,47,5
2018-01-03,76,Look What You Made Me Do,Taylor Swift,70,1,18
2018-01-03,77,Betrayed,Lil Xan,73,67,6
2018-01-03,78,Losing Sleep,Chris Young,74,63,13
2018-01-03,79,MIC Drop,BTS Featuring Desiigner,79,28,4
2018-01-03,80,No Smoke,YoungBoy Never Broke Again,93,80,3
2018-01-03,81,I Could Use A Love Song,Maren Morris,78,75,18
2018-01-03,82,Ice Tray,Quavo & Lil Yachty,-,82,1
2018-01-03,83,You Broke Up With Me,Walker Hayes,83,83,9
2018-01-03,84,I Pray,Red Marlow,-,84,1
2018-01-03,85,Wanted You,Nav Featuring Lil Uzi Vert,84,64,6
2018-01-03,86,Mayores,Becky G Featuring Bad Bunny,87,74,9
2018-01-03,87,Walk On Water,Eminem Featuring Beyonce,-,14,4
2018-01-03,88,Dusk Till Dawn,ZAYN Featuring Sia,85,44,15
2018-01-03,89,Written In The Sand,Old Dominion,89,88,5
2018-01-03,90,Home,"Machine Gun Kelly, X Ambassadors & Bebe Rexha",-,90,2
2018-01-03,91,F**k Love,XXXTENTACION Featuring Trippie Redd,88,41,17
2018-01-03,92,Believe,Eminem,-,92,1
2018-01-03,93,Juice,Yo Gotti,96,93,3
2018-01-03,94,Dark Knight Dummo,Trippie Redd Featuring Travis Scott,72,72,2
2018-01-03,95,When We,Tank,94,86,5
2018-01-03,96,Five More Minutes,Scotty McCreery,95,95,3
2018-01-03,97,Too Much To Ask,Niall Horan,91,66,9
2018-01-03,98,Never Be The Same,Camila Cabello,61,61,2
2018-01-03,99,All On Me,Devin Dawson,97,91,5
2018-01-03,100,Legends,Kelsea Ballerini,99,98,3
